"symbol";"company";"identifier";"sedol";"weight";"sector";"shares_held";"local_currency"
"AAPL";"Apple Inc.";"03783310";"2046251";0,0482373217114897;"Information Technology";47890690;"USD"
"MSFT";"Microsoft Corporation";"59491810";"2588173";0,0459531665943602;"Information Technology";87473800;"USD"
"AMZN";"Amazon.com Inc.";"02313510";"2000019";0,0285772162340178;"Consumer Discretionary";4775593;"USD"
"FB";"Facebook Inc. Class A";"30303M10";"B7TL820";0,0193614286562933;"Communication Services";27593184;"USD"
"GOOGL";"Alphabet Inc. Class A";"02079K30";"BYVY8G0";0,0161648916072663;"Communication Services";3435375;"USD"
"GOOG";"Alphabet Inc. Class C";"02079K10";"BYY88Y7";0,0161460099116901;"Communication Services";3427252;"USD"
"JPM";"JPMorgan Chase & Co.";"46625H10";"2190385";0,0155841394557231;"Financials";35963590;"USD"
"JNJ";"Johnson & Johnson";"47816010";"2475833";0,0141840337262286;"Health Care";30177976;"USD"
"V";"Visa Inc. Class A";"92826C83";"B2PZN04";0,0129375717939471;"Information Technology";19628332;"USD"
"PG";"Procter & Gamble Company";"74271810";"2704407";0,0114475479898095;"Consumer Staples";28586416;"USD"
"MA";"Mastercard Incorporated Class A";"57636Q10";"B121557";0,0104657998288246;"Information Technology";10178809;"USD"
"T";"AT&T Inc.";"00206R10";"2831811";0,0103673909917111;"Communication Services";83761576;"USD"
"UNH";"UnitedHealth Group Incorporated";"91324P10";"2917766";0,0103526496679402;"Health Care";10863302;"USD"
"XOM";"Exxon Mobil Corporation";"30231G10";"2326618";0,0103346680531912;"Energy";48515108;"USD"
"BAC";"Bank of America Corp";"06050510";"2295677";0,0101120380610179;"Financials";92826180;"USD"
"INTC";"Intel Corporation";"45814010";"2463247";0,00991986080350015;"Information Technology";49878704;"USD"
"DIS";"Walt Disney Company";"25468710";"2270726";0,00943604735705266;"Communication Services";20667240;"USD"
"HD";"Home Depot Inc.";"43707610";"2434209";0,00924065981125105;"Consumer Discretionary";12514652;"USD"
"VZ";"Verizon Communications Inc.";"92343V10";"2090571";0,00909309656007109;"Communication Services";47422548;"USD"
"MRK";"Merck & Co. Inc.";"58933Y10";"2778844";0,00829744511057093;"Health Care";29193032;"USD"
"PFE";"Pfizer Inc.";"71708110";"2684703";0,00808545607395544;"Health Care";63455840;"USD"
"KO";"Coca-Cola Company";"19121610";"2206657";0,008075605189346;"Consumer Staples";44214276;"USD"
"CMCSA";"Comcast Corporation Class A";"20030N10";"2044545";0,00782929307051773;"Communication Services";52055068;"USD"
"CVX";"Chevron Corporation";"16676410";"2838555";0,00776521731651502;"Energy";21694264;"USD"
"CSCO";"Cisco Systems Inc.";"17275R10";"2198163";0,00756599942674852;"Information Technology";48643360;"USD"
"PEP";"PepsiCo Inc.";"71344810";"2681511";0,00726312222837611;"Consumer Staples";15977903;"USD"
"WFC";"Wells Fargo & Company";"94974610";"2649100";0,00679412011198606;"Financials";44130590;"USD"
"C";"Citigroup Inc.";"17296742";"2297907";0,00635719087574064;"Financials";25033296;"USD"
"ADBE";"Adobe Inc.";"00724F10";"2008154";0,00615482270307874;"Information Technology";5545726;"USD"
"BA";"Boeing Company";"09702310";"2108601";0,00600594933425022;"Industrials";6130673;"USD"
"WMT";"Walmart Inc.";"93114210";"2936921";0,00598234721477989;"Consumer Staples";16252668;"USD"
"ABT";"Abbott Laboratories";"00282410";"2002305";0,00590188998972108;"Health Care";20265144;"USD"
"MDT";"Medtronic Plc";"G5960L10";"BTN1Y11";0,00590046986219362;"Health Care";15369629;"USD"
"CRM";"salesforce.com inc.";"79466L30";"2310525";0,00589288918144849;"Information Technology";10170818;"USD"
"MCD";"McDonald's Corporation";"58013510";"2550707";0,00578853981087502;"Consumer Discretionary";8635091;"USD"
"BMY";"Bristol-Myers Squibb Company";"11012210";"2126335";0,00574631601917852;"Health Care";26879520;"USD"
"NVDA";"NVIDIA Corporation";"67066G10";"2379504";0,00556298955646217;"Information Technology";7017237;"USD"
"NFLX";"Netflix Inc.";"64110L10";"2857817";0,00519389641189779;"Communication Services";5025290;"USD"
"AMGN";"Amgen Inc.";"03116210";"2023607";0,00511411924790846;"Health Care";6813431;"USD"
"PM";"Philip Morris International Inc.";"71817210";"B2PKRQ3";0,00503270193663391;"Consumer Staples";17839944;"USD"
"COST";"Costco Wholesale Corporation";"22160K10";"2701271";0,00500904981267318;"Consumer Staples";5065694;"USD"
"TMO";"Thermo Fisher Scientific Inc.";"88355610";"2886907";0,00495672511391523;"Health Care";4597667;"USD"
"PYPL";"PayPal Holdings Inc";"70450Y10";"BYW36M8";0,00492288207481032;"Information Technology";13443824;"USD"
"ACN";"Accenture Plc Class A";"G1151C10";"B4BNMY3";0,0048324039498747;"Information Technology";7278654;"USD"
"NKE";"NIKE Inc. Class B";"65410610";"2640147";0,0047376254387644;"Consumer Discretionary";14301145;"USD"
"ABBV";"AbbVie Inc.";"00287Y10";"B92SR70";0,00468838101661529;"Health Care";16956710;"USD"
"HON";"Honeywell International Inc.";"43851610";"2020459";0,00467683998023022;"Industrials";8193027;"USD"
"IBM";"International Business Machines Corporation";"45920010";"2005973";0,00463262600981568;"Information Technology";10155048;"USD"
"NEE";"NextEra Energy Inc.";"65339F10";"2328915";0,00461789468694289;"Utilities";5604323;"USD"
"UNP";"Union Pacific Corporation";"90781810";"2914734";0,00456609003488513;"Industrials";7960107;"USD"
"UTX";"United Technologies Corporation";"91301710";"2915500";0,00453571730741421;"Industrials";9302580;"USD"
"TXN";"Texas Instruments Incorporated";"88250810";"2885409";0,00453099688352014;"Information Technology";10718103;"USD"
"AVGO";"Broadcom Inc.";"11135F10";"BDZ78H9";0,00451126511160702;"Information Technology";4547840;"USD"
"LLY";"Eli Lilly and Company";"53245710";"2516152";0,0043555711302875;"Health Care";9704875;"USD"
"ORCL";"Oracle Corporation";"68389X10";"2661568";0,00430963700540308;"Information Technology";24841624;"USD"
"LIN";"Linde plc";"G5494J10";"BZ12WP8";0,00413241109051593;"Materials";6175067;"USD"
"SBUX";"Starbucks Corporation";"85524410";"2842255";0,00397262674188142;"Consumer Discretionary";13541916;"USD"
"QCOM";"QUALCOMM Incorporated";"74752510";"2714923";0,00384899563980845;"Information Technology";13058396;"USD"
"LMT";"Lockheed Martin Corporation";"53983010";"2522096";0,00382007304255922;"Industrials";2838971;"USD"
"DHR";"Danaher Corporation";"23585110";"2250870";0,00380602178075591;"Health Care";7330312;"USD"
"AMT";"American Tower Corporation";"03027X10";"B7FBFL2";0,00378677005195067;"Real Estate";5079149;"USD"
"MMM";"3M Company";"88579Y10";"2595708";0,00371329345375215;"Industrials";6578860;"USD"
"GE";"General Electric Company";"36960410";"2380498";0,00360984416400593;"Industrials";100141200;"USD"
"CVS";"CVS Health Corporation";"12665010";"2577609";0,00350023432104203;"Health Care";14917350;"USD"
"MO";"Altria Group Inc";"02209S10";"2692632";0,00345468023028468;"Consumer Staples";21353400;"USD"
"LOW";"Lowe's Companies Inc.";"54866110";"2536763";0,00340739598415938;"Consumer Discretionary";8815931;"USD"
"FIS";"Fidelity National Information Services Inc.";"31620M10";"2769796";0,00331992812954603;"Information Technology";7047315;"USD"
"AXP";"American Express Company";"02581610";"2026082";0,00320738802344451;"Financials";7693851;"USD"
"BKNG";"Booking Holdings Inc.";"09857L10";"BDRXDB4";0,00304298325989674;"Consumer Discretionary";479846;"USD"
"UPS";"United Parcel Service Inc. Class B";"91131210";"2517382";0,00298720825130097;"Industrials";8035263;"USD"
"CHTR";"Charter Communications Inc. Class A";"16119P10";"BZ6VT82";0,00291077138727058;"Communication Services";1797532;"USD"
"GILD";"Gilead Sciences Inc.";"37555810";"2369174";0,00291059137110513;"Health Care";14473429;"USD"
"MDLZ";"Mondelez International Inc. Class A";"60920710";"B8CKK03";0,00289705015510393;"Consumer Staples";16476357;"USD"
"CI";"Cigna Corporation";"12552310";"BHJ0775";0,00286799754617965;"Health Care";4281993;"USD"
"CAT";"Caterpillar Inc.";"14912310";"2180201";0,00286567733782494;"Industrials";6337266;"USD"
"GS";"Goldman Sachs Group Inc.";"38141G10";"2407966";0,00286219702529287;"Financials";3654260;"USD"
"USB";"U.S. Bancorp";"90297330";"2736035";0,00283860490672062;"Financials";16296778;"USD"
"ADP";"Automatic Data Processing Inc.";"05301510";"2065308";0,00280276168799958;"Information Technology";4957310;"USD"
"ANTM";"Anthem Inc.";"03675210";"BSPHGL4";0,00279800126051319;"Health Care";2907766;"USD"
"TJX";"TJX Companies Inc";"87254010";"2989301";0,00275218714640575;"Consumer Discretionary";13904963;"USD"
"TFC";"Truist Financial Corporation";"89832Q10";"BKP7287";0,00274666665066523;"Financials";15377081;"USD"
"BDX";"Becton Dickinson and Company";"07588710";"2087807";0,00274157619354218;"Health Care";3101320;"USD"
"INTU";"Intuit Inc.";"46120210";"2459020";0,00273683576785195;"Information Technology";2971381;"USD"
"CME";"CME Group Inc. Class A";"12572Q10";"2965839";0,00270311273952401;"Financials";4109343;"USD"
"SPGI";"S&P Global Inc.";"78409V10";"BYV2325";0,00264625763393553;"Financials";2806383;"USD"
"SO";"Southern Company";"84258710";"2829601";0,00260388382876782;"Utilities";12025044;"USD"
"ISRG";"Intuitive Surgical Inc.";"46120E60";"2871301";0,00256455029661664;"Health Care";1325550;"USD"
"CB";"Chubb Limited";"H1467J10";"B3BQMF6";0,00254321838101061;"Financials";5214680;"USD"
"SYK";"Stryker Corporation";"86366710";"2853688";0,00254092817535015;"Health Care";3692133;"USD"
"FISV";"Fiserv Inc.";"33773810";"2342034";0,00253403755657258;"Information Technology";6548777;"USD"
"DUK";"Duke Energy Corporation";"26441C20";"B7VD3F2";0,0025260168363119;"Utilities";8359556;"USD"
"COP";"ConocoPhillips";"20825C10";"2685717";0,00251334569844372;"Energy";12581391;"USD"
"D";"Dominion Energy Inc";"25746U10";"2542049";0,0025041048686172;"Utilities";9437669;"USD"
"MS";"Morgan Stanley";"61744644";"2262314";0,00249796431719568;"Financials";14104913;"USD"
"ZTS";"Zoetis Inc. Class A";"98978V10";"B95WG16";0,00244413948372564;"Health Care";5448212;"USD"
"PNC";"PNC Financial Services Group Inc.";"69347510";"2692665";0,00242540780162059;"Financials";5024402;"USD"
"MU";"Micron Technology Inc.";"59511210";"2588184";0,00238123383479836;"Information Technology";12693645;"USD"
"RTN";"Raytheon Company";"75511150";"2758051";0,00231095752398565;"Industrials";3177343;"USD"
"BLK";"BlackRock Inc.";"09247X10";"2494504";0,00230168669146489;"Financials";1352292;"USD"
"AGN";"Allergan plc";"G0177J10";"BY9D546";0,00228180490608057;"Health Care";3755196;"USD"
"CCI";"Crown Castle International Corp";"22822V10";"BTGQCX1";0,00223548074617101;"Real Estate";4742139;"USD"
"BSX";"Boston Scientific Corporation";"10113710";"2113434";0,0022320204354351;"Health Care";15982201;"USD"
"VRTX";"Vertex Pharmaceuticals Incorporated";"92532F10";"2931034";0,00219329695806683;"Health Care";2948739;"USD"
"CL";"Colgate-Palmolive Company";"19416210";"2209106";0,00219233687185109;"Consumer Staples";9804326;"USD"
"GPN";"Global Payments Inc.";"37940X10";"2712013";0,00217848562800939;"Information Technology";3434632;"USD"
"PLD";"Prologis Inc.";"74340W10";"B44WZD7";0,00215738373305923;"Real Estate";7243739;"USD"
"NOW";"ServiceNow Inc.";"81762P10";"B80NXX8";0,00214466259070064;"Information Technology";2162262;"USD"
"NOC";"Northrop Grumman Corporation";"66680710";"2648806";0,00214299244072118;"Industrials";1800961;"USD"
"AMAT";"Applied Materials Inc.";"03822210";"2046552";0,00214178233205342;"Information Technology";10573715;"USD"
"CSX";"CSX Corporation";"12640810";"2160753";0,00210917940431051;"Industrials";8916647;"USD"
"TGT";"Target Corporation";"87612E10";"2259101";0,00210806930462356;"Consumer Discretionary";5837749;"USD"
"MMC";"Marsh & McLennan Companies Inc.";"57174810";"2567741";0,00208693740697915;"Financials";5793984;"USD"
"AMD";"Advanced Micro Devices Inc.";"00790310";"2007849";0,00208205696871579;"Information Technology";12769137;"USD"
"SCHW";"Charles Schwab Corporation";"80851310";"2779397";0,00203359261661697;"Financials";13109119;"USD"
"ICE";"Intercontinental Exchange Inc.";"45866F10";"BFSSDS9";0,0019601960256031;"Financials";6411687;"USD"
"DE";"Deere & Company";"24419910";"2261203";0,00195518557566469;"Industrials";3603051;"USD"
"NSC";"Norfolk Southern Corporation";"65584410";"2641894";0,00192560291914214;"Industrials";2989897;"USD"
"APD";"Air Products and Chemicals Inc.";"00915810";"2011602";0,0019076913106797;"Materials";2527808;"USD"
"ITW";"Illinois Tool Works Inc.";"45230810";"2457552";0,00189597025812918;"Industrials";3368939;"USD"
"BIIB";"Biogen Inc.";"09062X10";"2455965";0,00189003972556736;"Health Care";2069250;"USD"
"SLB";"Schlumberger NV";"80685710";"2779201";0,00184596576772594;"Energy";15873747;"USD"
"EQIX";"Equinix Inc.";"29444U70";"BVLZX12";0,00183393468733492;"Real Estate";977661;"USD"
"EW";"Edwards Lifesciences Corporation";"28176E10";"2567116";0,00183093441791073;"Health Care";2376674;"USD"
"COF";"Capital One Financial Corporation";"14040H10";"2654461";0,00181766322615771;"Financials";5370193;"USD"
"AON";"Aon plc";"G0408V10";"B5BT0K0";0,00181308281483677;"Financials";2698686;"USD"
"KMB";"Kimberly-Clark Corporation";"49436810";"2491839";0,00179967161051062;"Consumer Staples";3931353;"USD"
"AEP";"American Electric Power Company Inc.";"02553710";"2026242";0,00179561124588988;"Utilities";5663654;"USD"
"ECL";"Ecolab Inc.";"27886510";"2304227";0,00178443024183572;"Materials";2865790;"USD"
"LHX";"L3Harris Technologies Inc";"50243110";"BK9DTN5";0,00178125995714415;"Industrials";2554865;"USD"
"ILMN";"Illumina Inc.";"45232710";"2613990";0,00176854881568365;"Health Care";1685284;"USD"
"SHW";"Sherwin-Williams Company";"82434810";"2804211";0,00176606859295965;"Materials";939486;"USD"
"HUM";"Humana Inc.";"44485910";"2445063";0,00176085812505963;"Health Care";1518660;"USD"
"EOG";"EOG Resources Inc.";"26875P10";"2318024";0,00175722779905636;"Energy";6670580;"USD"
"EL";"Estee Lauder Companies Inc. Class A";"51843910";"2320524";0,00172036448873109;"Consumer Staples";2551877;"USD"
"EMR";"Emerson Electric Co.";"29101110";"2313405";0,00171260379182051;"Industrials";7013557;"USD"
"WM";"Waste Management Inc.";"94106L10";"2937667";0,00170458307155983;"Industrials";4468545;"USD"
"BAX";"Baxter International Inc.";"07181310";"2085102";0,00168898167055402;"Health Care";5843928;"USD"
"EXC";"Exelon Corporation";"30161N10";"2670519";0,00167834071499621;"Utilities";11107384;"USD"
"ATVI";"Activision Blizzard Inc.";"00507V10";"2575818";0,00167587049317029;"Communication Services";8763240;"USD"
"PSX";"Phillips 66";"71854610";"B78C4Y8";0,00165735883082301;"Energy";5132144;"USD"
"AIG";"American International Group Inc.";"02687478";"2027342";0,00164482770552796;"Financials";9927399;"USD"
"DD";"DuPont de Nemours Inc.";"26614N10";"BK0VN47";0,00164096735886883;"Materials";8515793;"USD"
"LRCX";"Lam Research Corporation";"51280710";"2502247";0,00163310665297744;"Information Technology";1654494;"USD"
"SPG";"Simon Property Group Inc.";"82880610";"2812452";0,0016272861302945;"Real Estate";3515326;"USD"
"PGR";"Progressive Corporation";"74331510";"2705024";0,00161866535614898;"Financials";6703702;"USD"
"ADI";"Analog Devices Inc.";"03265410";"2032067";0,00161472500230521;"Information Technology";4229467;"USD"
"SRE";"Sempra Energy";"81685110";"2138158";0,00161463499422248;"Utilities";3232522;"USD"
"GM";"General Motors Company";"37045V10";"B665KZ5";0,00159184294749669;"Consumer Discretionary";14382494;"USD"
"GD";"General Dynamics Corporation";"36955010";"2365161";0,00155481962280213;"Industrials";2678402;"USD"
"ROST";"Ross Stores Inc.";"77829610";"2746711";0,00155318947641498;"Consumer Discretionary";4172589;"USD"
"ADSK";"Autodesk Inc.";"05276910";"2065159";0,00155112929141037;"Information Technology";2512474;"USD"
"SYY";"Sysco Corporation";"87182910";"2868165";0,00154798900941305;"Consumer Staples";5872760;"USD"
"MCO";"Moody's Corporation";"61536910";"2252058";0,00152001649748147;"Financials";1862122;"USD"
"MET";"MetLife Inc.";"59156R10";"2573209";0,00147477243456462;"Financials";8962809;"USD"
"KMI";"Kinder Morgan Inc Class P";"49456B10";"B3NQ4P8";0,00147269224776385;"Energy";22161776;"USD"
"ETN";"Eaton Corp. Plc";"G2918310";"B8KQN82";0,00146018112426496;"Industrials";4740294;"USD"
"WBA";"Walgreens Boots Alliance Inc";"93142710";"BTN1Y44";0,00145594074347876;"Consumer Staples";8596543;"USD"
"DG";"Dollar General Corporation";"25667710";"B5B1S13";0,00144044935235184;"Consumer Discretionary";2940732;"USD"
"MAR";"Marriott International Inc. Class A";"57190320";"2210614";0,0014289983240495;"Consumer Discretionary";3127457;"USD"
"BK";"Bank of New York Mellon Corporation";"06405810";"B1Z77F6";0,00142560801960016;"Financials";9622522;"USD"
"HCA";"HCA Healthcare Inc";"40412C10";"B4MGBG6";0,00141656720773525;"Health Care";3036624;"USD"
"ROP";"Roper Technologies Inc.";"77669610";"2749602";0,00141484705326538;"Industrials";1187952;"USD"
"AFL";"Aflac Incorporated";"00105510";"2026361";0,00141066667786767;"Financials";8470376;"USD"
"OXY";"Occidental Petroleum Corporation";"67459910";"2655408";0,00140137584355075;"Energy";10210654;"USD"
"PRU";"Prudential Financial Inc.";"74432010";"2819118";0,00139948567381351;"Financials";4600541;"USD"
"ALL";"Allstate Corporation";"02000210";"2019952";0,00138554442188909;"Financials";3714608;"USD"
"DOW";"Dow Inc.";"26055710";"BHXCF84";0,0013716331726589;"Materials";8504725;"USD"
"FDX";"FedEx Corporation";"31428X10";"2142784";0,00134720097864788;"Industrials";2731970;"USD"
"VLO";"Valero Energy Corporation";"91913Y10";"2041364";0,00134706096607475;"Energy";4740977;"USD"
"TRV";"Travelers Companies Inc.";"89417E10";"2769503";0,00133264967194054;"Financials";2973977;"USD"
"MPC";"Marathon Petroleum Corporation";"56585A10";"B3K3L40";0,00132118864274012;"Energy";7445492;"USD"
"F";"Ford Motor Company";"34537086";"2615468";0,00130141686723468;"Consumer Discretionary";44813228;"USD"
"NEM";"Newmont Corporation";"65163910";"2636607";0,00129745651159474;"Materials";9347621;"USD"
"WELL";"Welltower Inc.";"95040Q10";"BYVYHH4";0,00126298341591075;"Real Estate";4632156;"USD"
"XEL";"Xcel Energy Inc.";"98389B10";"2614807";0,00126003315097696;"Utilities";6002673;"USD"
"DAL";"Delta Air Lines Inc.";"24736170";"B1W9D46";0,00125220244777981;"Industrials";6622516;"USD"
"CTSH";"Cognizant Technology Solutions Corporation Class A";"19244610";"2257019";0,00124601189186789;"Information Technology";6319570;"USD"
"ORLY";"O'Reilly Automotive Inc.";"67103H10";"B65LWX6";0,00120984864440827;"Consumer Discretionary";875825;"USD"
"EA";"Electronic Arts Inc.";"28551210";"2310194";0,00120890855998869;"Communication Services";3371734;"USD"
"TEL";"TE Connectivity Ltd.";"H8498910";"B62B7C3";0,00120838851328849;"Information Technology";3851917;"USD"
"PSA";"Public Storage";"74460D10";"2852533";0,0011963974364898;"Real Estate";1707602;"USD"
"GIS";"General Mills Inc.";"37033410";"2367026";0,00118605650787441;"Consumer Staples";6930374;"USD"
"HPQ";"HP Inc.";"40434L10";"BYX4D52";0,00117936590705845;"Information Technology";16962730;"USD"
"YUM";"Yum! Brands Inc.";"98849810";"2098876";0,00117683567984405;"Consumer Discretionary";3485709;"USD"
"INFO";"IHS Markit Ltd.";"G4756710";"BD0Q558";0,00117452547238742;"Industrials";4591200;"USD"
"STZ";"Constellation Brands Inc. Class A";"21036P10";"2170473";0,00116384451323729;"Consumer Staples";1912554;"USD"
"TDG";"TransDigm Group Incorporated";"89364110";"B11FJK3";0,00116048421148219;"Industrials";568364;"USD"
"JCI";"Johnson Controls International plc";"G5150210";"BY7QL61";0,00116013418004937;"Industrials";8845172;"USD"
"IR";"Ingersoll-Rand Plc";"G4779110";"B633030";0,00115140339602496;"Industrials";2758830;"USD"
"APH";"Amphenol Corporation Class A";"03209510";"2145084";0,00114871315444127;"Information Technology";3397957;"USD"
"HLT";"Hilton Worldwide Holdings Inc";"43300A20";"BYVMW06";0,00113708210997348;"Consumer Discretionary";3235502;"USD"
"TROW";"T. Rowe Price Group";"74144T10";"2702337";0,00113105156843085;"Financials";2691058;"USD"
"ZBH";"Zimmer Biomet Holdings Inc.";"98956P10";"2783815";0,00112897138163007;"Health Care";2358566;"USD"
"OKE";"ONEOK Inc.";"68268010";"2130109";0,00112829132056059;"Energy";4707438;"USD"
"VFC";"V.F. Corporation";"91820410";"2928683";0,00112584110053083;"Consumer Discretionary";3754992;"USD"
"WEC";"WEC Energy Group Inc";"92939U10";"BYY8XK8";0,00111791038835287;"Utilities";3589602;"USD"
"MSI";"Motorola Solutions Inc.";"62007630";"B5BKPQ4";0,00110703941213921;"Information Technology";1964557;"USD"
"PEG";"Public Service Enterprise Group Inc";"74457310";"2707677";0,00109983876552114;"Utilities";5753015;"USD"
"ED";"Consolidated Edison Inc.";"20911510";"2216850";0,00109890868199964;"Utilities";3802277;"USD"
"AVB";"AvalonBay Communities Inc.";"05348410";"2131179";0,0010955183775503;"Real Estate";1595024;"USD"
"PPG";"PPG Industries Inc.";"69350610";"2698470";0,00108011699450611;"Materials";2700433;"USD"
"STT";"State Street Corporation";"85747710";"2842040";0,00106466560697151;"Financials";4169509;"USD"
"IQV";"IQVIA Holdings Inc";"46266C10";"BDR73G1";0,00106085526480278;"Health Care";2084802;"USD"
"ES";"Eversource Energy";"30040W10";"BVVN4Q8";0,00104791410268642;"Utilities";3674584;"USD"
"EQR";"Equity Residential";"29476L10";"2319157";0,00104230359886318;"Real Estate";3990289;"USD"
"REGN";"Regeneron Pharmaceuticals Inc.";"75886F10";"2730190";0,00104135351354552;"Health Care";914572;"USD"
"KLAC";"KLA Corporation";"48248010";"2480138";0,00104060344618947;"Information Technology";1822150;"USD"
"PAYX";"Paychex Inc.";"70432610";"2674458";0,00103461290823916;"Information Technology";3642123;"USD"
"SBAC";"SBA Communications Corp. Class A";"78410G10";"BZ6TS23";0,00103374283010614;"Real Estate";1290769;"USD"
"MCK";"McKesson Corporation";"58155Q10";"2378534";0,00101999159524525;"Health Care";2065762;"USD"
"A";"Agilent Technologies Inc.";"00846U10";"2520153";0,00101223089833467;"Health Care";3542387;"USD"
"EIX";"Edison International";"28102010";"2829515";0,0010016199454711;"Utilities";4099244;"USD"
"AZO";"AutoZone Inc.";"05333210";"2065955";0,00100153993828646;"Consumer Discretionary";272957;"USD"
"EBAY";"eBay Inc.";"27864210";"2293819";0,000997719595219651;"Consumer Discretionary";8768362;"USD"
"CNC";"Centene Corporation";"15135B10";"2807061";0,000995469393151505;"Health Care";4703221;"USD"
"FLT";"FleetCor Technologies Inc.";"33904110";"B4R28B3";0,000992749148873569;"Information Technology";983759;"USD"
"WMB";"Williams Companies Inc.";"96945710";"2967181";0,000989328841729987;"Energy";13783136;"USD"
"DFS";"Discover Financial Services";"25470910";"B1YLC43";0,000985108462739954;"Financials";3640976;"USD"
"FE";"FirstEnergy Corp.";"33793210";"2100920";0,000977647792771791;"Utilities";6180935;"USD"
"VRSK";"Verisk Analytics Inc";"92345Y10";"B4P9W92";0,000968176942289418;"Industrials";1866740;"USD"
"PCAR";"PACCAR Inc";"69371810";"2665861";0,000960566258850045;"Industrials";3937861;"USD"
"TWTR";"Twitter Inc.";"90184L10";"BFLR866";0,000954505714613172;"Communication Services";8849752;"USD"
"MCHP";"Microchip Technology Incorporated";"59501710";"2592174";0,000949945305088397;"Information Technology";2740338;"USD"
"WLTW";"Willis Towers Watson Public Limited Company";"G9662910";"BDB6Q21";0,0009487551982168;"Financials";1468728;"USD"
"CMI";"Cummins Inc.";"23102110";"2240202";0,000947345071587429;"Industrials";1756561;"USD"
"DLR";"Digital Realty Trust Inc.";"25386810";"B03GQS4";0,000947315068893187;"Real Estate";2366164;"USD"
"PPL";"PPL Corporation";"69351T10";"2680905";0,00094674501770259;"Utilities";8255967;"USD"
"MNST";"Monster Beverage Corporation";"61174X10";"BZ07BW4";0,000946484994352493;"Consumer Staples";4425405;"USD"
"TMUS";"T-Mobile US Inc.";"87259010";"B94Q9V0";0,000942644649489524;"Communication Services";3604816;"USD"
"TSN";"Tyson Foods Inc. Class A";"90249410";"2909730";0,000936824126806587;"Consumer Staples";3372782;"USD"
"XLNX";"Xilinx Inc.";"98391910";"2985677";0,000929543473003876;"Information Technology";2894590;"USD"
"DTE";"DTE Energy Company";"23333110";"2280220";0,000926263178433423;"Utilities";2202978;"USD"
"PH";"Parker-Hannifin Corporation";"70109410";"2671501";0,000924303002409616;"Industrials";1466945;"USD"
"ETR";"Entergy Corporation";"29364G10";"2317087";0,000922852872187922;"Utilities";2276034;"USD"
"LUV";"Southwest Airlines Co.";"84474110";"2831543";0,000920842691673712;"Industrials";5431013;"USD"
"SWK";"Stanley Black & Decker Inc.";"85450210";"B3Q2FJ4";0,000919612581209793;"Industrials";1727781;"USD"
"O";"Realty Income Corporation";"75610910";"2724193";0,000910971805268113;"Real Estate";3736992;"USD"
"ADM";"Archer-Daniels-Midland Company";"03948310";"2047317";0,000908951623855822;"Consumer Staples";6381023;"USD"
"ALXN";"Alexion Pharmaceuticals Inc.";"01535110";"2036070";0,000902771068841982;"Health Care";2556085;"USD"
"IDXX";"IDEXX Laboratories Inc.";"45168D10";"2459202";0,000894430319842722;"Health Care";980868;"USD"
"PXD";"Pioneer Natural Resources Company";"72378710";"2690830";0,00088018904097588;"Energy";1919572;"USD"
"AWK";"American Water Works Company Inc.";"03042010";"B2R3PV1";0,000875548624266459;"Utilities";2060148;"USD"
"CERN";"Cerner Corporation";"15678210";"2185284";0,000871988304549749;"Health Care";3641956;"USD"
"BLL";"Ball Corporation";"05849810";"2073022";0,00086506768307794;"Materials";3797597;"USD"
"ANSS";"ANSYS Inc.";"03662Q10";"2045623";0,000854416726622051;"Information Technology";980953;"USD"
"LVS";"Las Vegas Sands Corp.";"51783410";"B02T2J7";0,000852216529044308;"Consumer Discretionary";3870461;"USD"
"CTAS";"Cintas Corporation";"17290810";"2197137";0,00085100642037655;"Industrials";950068;"USD"
"RMD";"ResMed Inc.";"76115210";"2732903";0,000850116340447372;"Health Care";1631226;"USD"
"MSCI";"MSCI Inc. Class A";"55354G10";"B2972D2";0,000849706303626066;"Financials";959819;"USD"
"APTV";"Aptiv PLC";"G6095L10";"B783TY6";0,000847226080902065;"Consumer Discretionary";2931762;"USD"
"ROK";"Rockwell Automation Inc.";"77390310";"2754060";0,000846285996482484;"Industrials";1338816;"USD"
"GLW";"Corning Inc";"21935010";"2224701";0,000840925515111257;"Information Technology";8945763;"USD"
"FTV";"Fortive Corp.";"34959J10";"BYT3MK1";0,000830674594578593;"Industrials";3373810;"USD"
"SNPS";"Synopsys Inc.";"87160710";"2867719";0,000828364387121964;"Information Technology";1703150;"USD"
"AME";"AMETEK Inc.";"03110010";"2089212";0,000823913987476075;"Industrials";2591764;"USD"
"HSY";"Hershey Company";"42786610";"2422806";0,000823803977597188;"Consumer Staples";1704558;"USD"
"KR";"Kroger Co.";"50104410";"2497406";0,000822353847375494;"Consumer Staples";9142876;"USD"
"WY";"Weyerhaeuser Company";"96216610";"2958936";0,000819463587830187;"Real Estate";8477244;"USD"
"NTRS";"Northern Trust Corporation";"66585910";"2648668";0,000818053461200816;"Financials";2457645;"USD"
"CMG";"Chipotle Mexican Grill Inc.";"16965610";"B0X7DZ3";0,000812973004975847;"Consumer Discretionary";291664;"USD"
"VRSN";"VeriSign Inc.";"92343E10";"2142922";0,000811762896308088;"Information Technology";1195969;"USD"
"LYB";"LyondellBasell Industries NV";"N5374510";"B3SPXZ3";0,000811392863079104;"Materials";2953925;"USD"
"RCL";"Royal Caribbean Cruises Ltd.";"V7780T10";"2754907";0,000799991839267166;"Consumer Discretionary";1954075;"USD"
"AMP";"Ameriprise Financial Inc.";"03076C10";"B0J7D57";0,000788130774143518;"Financials";1452555;"USD"
"SYF";"Synchrony Financial";"87165B10";"BP96PS6";0,000787120683437373;"Financials";6816859;"USD"
"MTB";"M&T Bank Corporation";"55261F10";"2340168";0,000784730468796098;"Financials";1529105;"USD"
"HIG";"Hartford Financial Services Group Inc.";"41651510";"2476193";0,000782800295466533;"Financials";4122006;"USD"
"SWKS";"Skyworks Solutions Inc.";"83088M10";"2961053";0,000781840209250791;"Information Technology";1974430;"USD"
"VTR";"Ventas Inc.";"92276F10";"2927925";0,000781030136506258;"Real Estate";4226999;"USD"
"DLTR";"Dollar Tree Inc.";"25674610";"2272476";0,000771549285125804;"Consumer Discretionary";2707911;"USD"
"HAL";"Halliburton Company";"40621610";"2405302";0,00076360857204977;"Energy";10065045;"USD"
"MKC";"McCormick & Company Incorporated";"57978020";"2550161";0,000763508563068964;"Consumer Staples";1395841;"USD"
"CTVA";"Corteva Inc";"22052L10";"BK73B42";0,000763488561272802;"Materials";8551801;"USD"
"CDNS";"Cadence Design Systems Inc.";"12738710";"2302232";0,000762308455299286;"Information Technology";3214489;"USD"
"FITB";"Fifth Third Bancorp";"31677310";"2336747";0,000756917971233817;"Financials";8137188;"USD"
"BBY";"Best Buy Co. Inc.";"08651610";"2094670";0,000749917342577363;"Consumer Discretionary";2649687;"USD"
"VIAC";"ViacomCBS Inc. Class B";"92556H20";"BKTNTR9";0,000749837335392718;"Communication Services";6151112;"USD"
"MTD";"Mettler-Toledo International Inc.";"59268810";"2126249";0,000744356843244523;"Health Care";281205;"USD"
"CBRE";"CBRE Group Inc. Class A";"12504L10";"B6WVMH3";0,000743266745353733;"Real Estate";3848958;"USD"
"FAST";"Fastenal Company";"31190010";"2332262";0,000742946716615152;"Industrials";6522094;"USD"
"CPRT";"Copart Inc.";"21720410";"2208073";0,000740926535202861;"Industrials";2345452;"USD"
"ESS";"Essex Property Trust Inc.";"29717810";"2316619";0,000735716067302844;"Real Estate";748932;"USD"
"ALGN";"Align Technology Inc.";"01625510";"2679204";0,000734935997252553;"Health Care";829946;"USD"
"BXP";"Boston Properties Inc.";"10112110";"2019479";0,000729895544619907;"Real Estate";1645618;"USD"
"WDC";"Western Digital Corporation";"95810210";"2954699";0,000729805536537181;"Information Technology";3353606;"USD"
"CLX";"Clorox Company";"18905410";"2204026";0,000728295400927003;"Consumer Staples";1439054;"USD"
"RSG";"Republic Services Inc.";"76075910";"2262530";0,000724455056064035;"Industrials";2422417;"USD"
"CCL";"Carnival Corporation";"14365830";"2523044";0,000719094574692807;"Consumer Discretionary";4547184;"USD"
"CDW";"CDW Corp.";"12514G10";"BBM5MD6";0,00071696438340163;"Information Technology";1655744;"USD"
"FRC";"First Republic Bank";"33616C10";"B4WHY15";0,000716264320535984;"Financials";1925352;"USD"
"KEYS";"Keysight Technologies Inc";"49338L10";"BQZJ0Q9";0,000715784277428113;"Information Technology";2139811;"USD"
"KEY";"KeyCorp";"49326710";"2490911";0,000713474069971483;"Financials";11470068;"USD"
"HPE";"Hewlett Packard Enterprise Co.";"42824C10";"BYVYWS0";0,000711903928972822;"Information Technology";14939856;"USD"
"AEE";"Ameren Corporation";"02360810";"2050832";0,000705513355099288;"Utilities";2784782;"USD"
"DHI";"D.R. Horton Inc.";"23331A10";"2250687";0,000699582822537464;"Consumer Discretionary";3842899;"USD"
"KHC";"Kraft Heinz Company";"50075410";"BYRY499";0,00068917188763551;"Consumer Staples";7087599;"USD"
"CMS";"CMS Energy Corporation";"12589610";"2219224";0,000684781493378105;"Utilities";3245532;"USD"
"ARE";"Alexandria Real Estate Equities Inc.";"01527110";"2009210";0,000682971330825508;"Real Estate";1319331;"USD"
"VMC";"Vulcan Materials Company";"92916010";"2931205";0,000678850960816281;"Materials";1511092;"USD"
"LEN";"Lennar Corporation Class A";"52605710";"2511920";0,000678260907829523;"Consumer Discretionary";3252792;"USD"
"EFX";"Equifax Inc.";"29442910";"2319146";0,000675150628526442;"Industrials";1376109;"USD"
"UAL";"United Airlines Holdings Inc.";"91004710";"B4QG225";0,000667659955864037;"Industrials";2526896;"USD"
"PEAK";"Healthpeak Properties Inc.";"42250P10";"BJBLRK3";0,000650908451578952;"Real Estate";5623313;"USD"
"FCX";"Freeport-McMoRan Inc.";"35671D85";"2352118";0,000648028192931725;"Materials";16590742;"USD"
"TFX";"Teleflex Incorporated";"87936910";"2881407";0,000646898091448612;"Health Care";528133;"USD"
"AJG";"Arthur J. Gallagher & Co.";"36357610";"2359506";0,000644987919915208;"Financials";2113212;"USD"
"CHD";"Church & Dwight Co. Inc.";"17134010";"2195841";0,000640897552600223;"Consumer Staples";2799106;"USD"
"COO";"Cooper Companies Inc.";"21664840";"2222631";0,000640827546313659;"Health Care";561496;"USD"
"LH";"Laboratory Corporation of America Holdings";"50540R40";"2586122";0,000636157126909996;"Health Care";1117482;"USD"
"CFG";"Citizens Financial Group Inc.";"17461010";"BQRX1X3";0,000634526980522851;"Financials";4984848;"USD"
"IP";"International Paper Company";"46014610";"2465254";0,000634386967949722;"Materials";4495523;"USD"
"K";"Kellogg Company";"48783610";"2486813";0,000634286958968915;"Consumer Staples";2847503;"USD"
"AMCR";"Amcor PLC";"G0250X10";"BJ1F307";0,000631536711996737;"Materials";18564540;"USD"
"HES";"Hess Corporation";"42809H10";"2023748";0,000631166678767753;"Energy";2962492;"USD"
"WCG";"WellCare Health Plans Inc.";"94946T10";"B01R258";0,000629626540463334;"Health Care";575219;"USD"
"OMC";"Omnicom Group Inc";"68191910";"2279303";0,000627126315943172;"Communication Services";2489083;"USD"
"CXO";"Concho Resources Inc.";"20605P10";"B1YWRK7";0,000624526082442203;"Energy";2286032;"USD"
"DOV";"Dover Corporation";"26000310";"2278407";0,00062091575823509;"Industrials";1661545;"USD"
"MXIM";"Maxim Integrated Products Inc.";"57772K10";"2573760";0,000617235427741411;"Information Technology";3114995;"USD"
"FTNT";"Fortinet Inc.";"34959E10";"B5B2106";0,000606584471285521;"Information Technology";1623895;"USD"
"MGM";"MGM Resorts International";"55295310";"2547419";0,000604314267421214;"Consumer Discretionary";5965915;"USD"
"MLM";"Martin Marietta Materials Inc.";"57328410";"2572079";0,000599533838138665;"Materials";712976;"USD"
"KSU";"Kansas City Southern";"48517030";"2607647";0,000599323819278971;"Industrials";1147007;"USD"
"CAH";"Cardinal Health Inc.";"14149Y10";"2175672";0,000591653130451114;"Health Care";3373416;"USD"
"CINF";"Cincinnati Financial Corporation";"17206210";"2196888";0,000589332922096404;"Financials";1734971;"USD"
"KMX";"CarMax Inc.";"14313010";"2983563";0,000586542671531904;"Consumer Discretionary";1900426;"USD"
"NLOK";"NortonLifeLock Inc.";"66877110";"BJN4XN5";0,000582292289847628;"Information Technology";6510605;"USD"
"NUE";"Nucor Corporation";"67034610";"2651086";0,000574101554319578;"Materials";3484343;"USD"
"EVRG";"Evergy Inc.";"30034W10";"BFMXGR0";0,000572541414218997;"Utilities";2613090;"USD"
"WAT";"Waters Corporation";"94184810";"2937689";0,000571881354945674;"Health Care";738990;"USD"
"ULTA";"Ulta Beauty Inc";"90384S30";"B28TS42";0,000568941090909964;"Consumer Discretionary";655134;"USD"
"RF";"Regions Financial Corporation";"7591EP10";"B01R311";0,000568771075642593;"Financials";11060477;"USD"
"CAG";"Conagra Brands Inc.";"20588710";"2215460";0,000567330946318979;"Consumer Staples";5541794;"USD"
"AKAM";"Akamai Technologies Inc.";"00971T10";"2507457";0,000566770896026463;"Information Technology";1870262;"USD"
"MAA";"Mid-America Apartment Communities Inc.";"59522J10";"2589132";0,00055544987939917;"Real Estate";1298450;"USD"
"HBAN";"Huntington Bancshares Incorporated";"44615010";"2445966";0,000554559799469992;"Financials";11874868;"USD"
"EXPE";"Expedia Group Inc.";"30212P30";"B748CK2";0,000552099578542153;"Consumer Discretionary";1582665;"USD"
"BR";"Broadridge Financial Solutions Inc.";"11133T10";"B1VP7R6";0,000549679361206636;"Information Technology";1308220;"USD"
"BKR";"Baker Hughes Company Class A";"05722G10";"BDHLTQ5";0,000534768022168391;"Energy";7437220;"USD"
"XYL";"Xylem Inc.";"98419M10";"B3P2CN8";0,000533327892844777;"Industrials";2046236;"USD"
"CTXS";"Citrix Systems Inc.";"17737610";"2182553";0,000532257796750148;"Information Technology";1408069;"USD"
"GWW";"W.W. Grainger Inc.";"38480210";"2380863";0,00053073766024189;"Industrials";505641;"USD"
"GPC";"Genuine Parts Company";"37246010";"2367480";0,000528407450989099;"Consumer Discretionary";1663184;"USD"
"TTWO";"Take-Two Interactive Software Inc.";"87405410";"2122117";0,000528037417760115;"Communication Services";1280075;"USD"
"IFF";"International Flavors & Fragrances Inc.";"45950610";"2464165";0,000526507280353776;"Materials";1222007;"USD"
"HOLX";"Hologic Inc.";"43644010";"2433530";0,000526217254309437;"Health Care";3060038;"USD"
"STX";"Seagate Technology PLC";"G7945M10";"B58JVZ5";0,000525777214793888;"Information Technology";2707597;"USD"
"GRMN";"Garmin Ltd.";"H2906T10";"B3Z5T14";0,000525477187851469;"Consumer Discretionary";1653816;"USD"
"CTL";"CenturyLink Inc.";"15670010";"2185046";0,000524957141151275;"Communication Services";10987431;"USD"
"CE";"Celanese Corporation";"15087010";"B05MZT4";0,00052394705044513;"Materials";1415162;"USD"
"DGX";"Quest Diagnostics Incorporated";"74834L10";"2702791";0,000523467007337259;"Health Care";1521184;"USD"
"WAB";"Westinghouse Air Brake Technologies Corporation";"92974010";"2955733";0,000522886955248581;"Industrials";2084782;"USD"
"TIF";"Tiffany & Co.";"88654710";"2892090";0,000521696848376984;"Consumer Discretionary";1227532;"USD"
"PFG";"Principal Financial Group Inc.";"74251V10";"2803014";0,000521256808861436;"Financials";2956528;"USD"
"IT";"Gartner Inc.";"36665110";"2372763";0,000518866594220161;"Information Technology";1016960;"USD"
"MAS";"Masco Corporation";"57459910";"2570200";0,000517346457711902;"Industrials";3310595;"USD"
"DRI";"Darden Restaurants Inc.";"23719410";"2289874";0,000508605672789416;"Consumer Discretionary";1395229;"USD"
"UDR";"UDR Inc.";"90265310";"2727910";0,000507855605433368;"Real Estate";3351853;"USD"
"ABC";"AmerisourceBergen Corporation";"03073E10";"2795393";0,000507495573102465;"Health Care";1739366;"USD"
"MKTX";"MarketAxess Holdings Inc.";"57060D10";"B03Q9D0";0,000506525485988642;"Financials";431336;"USD"
"FANG";"Diamondback Energy Inc.";"25278X10";"B7Y8YR3";0,000505645406957545;"Energy";1865576;"USD"
"EXR";"Extra Space Storage Inc.";"30225T10";"B02HWR9";0,000504985347684222;"Real Estate";1451845;"USD"
"ATO";"Atmos Energy Corporation";"04956010";"2315359";0,000503695231831818;"Utilities";1368553;"USD"
"INCY";"Incyte Corporation";"45337C10";"2471950";0,000503305196806673;"Health Care";2022828;"USD"
"LDOS";"Leidos Holdings Inc.";"52532710";"BDV82B8";0,000502385114183254;"Information Technology";1546412;"USD"
"NTAP";"NetApp Inc.";"64110D10";"2630643";0,000501665049521447;"Information Technology";2616731;"USD"
"FOXA";"Fox Corporation Class A";"35137L10";"BJJMGL2";0,000497654689391107;"Communication Services";4016575;"USD"
"ZBRA";"Zebra Technologies Corporation Class A";"98920710";"2989356";0,000497144643588994;"Information Technology";617968;"USD"
"QRVO";"Qorvo Inc.";"74736K10";"BR9YYP4";0,000496094549290526;"Information Technology";1345107;"USD"
"NVR";"NVR Inc.";"62944T10";"2637785";0,000495774520551946;"Consumer Discretionary";39770;"USD"
"XRAY";"DENTSPLY SIRONA Inc.";"24906P10";"BYNPPC6";0,000493724336445413;"Health Care";2565127;"USD"
"VAR";"Varian Medical Systems Inc.";"92220P10";"2927516";0,000493234292439461;"Health Care";1040137;"USD"
"LNT";"Alliant Energy Corp";"01880210";"2973821";0,000492984269987445;"Utilities";2692572;"USD"
"HAS";"Hasbro Inc.";"41805610";"2414580";0,000489443952066896;"Consumer Discretionary";1459448;"USD"
"L";"Loews Corporation";"54042410";"2523022";0,000489313940391847;"Financials";2974914;"USD"
"WYNN";"Wynn Resorts Limited";"98313410";"2963811";0,000489263935901444;"Consumer Discretionary";1101583;"USD"
"AES";"AES Corporation";"00130H10";"2002479";0,000488163837112573;"Utilities";7547758;"USD"
"LW";"Lamb Weston Holdings Inc.";"51327210";"BDQZFJ3";0,000482733349454781;"Consumer Staples";1669728;"USD"
"SIVB";"SVB Financial Group";"78486Q10";"2808053";0,00048071316804249;"Financials";591598;"USD"
"CBOE";"Cboe Global Markets Inc";"12503M10";"B5834C5";0,000479463055782409;"Financials";1273847;"USD"
"DRE";"Duke Realty Corporation";"26441150";"2284084";0,000475822728881054;"Real Estate";4214589;"USD"
"BF.B";"Brown-Forman Corporation Class B";"11563720";"2146838";0,000474122576207343;"Consumer Staples";2083709;"USD"
"CNP";"CenterPoint Energy Inc.";"15189T10";"2440637";0,000473432514239779;"Utilities";5703894;"USD"
"STE";"STERIS Plc";"G8473T10";"BFY8C75";0,000470932289719617;"Health Care";972174;"USD"
"IEX";"IDEX Corporation";"45167R10";"2456612";0,000469422154109439;"Industrials";855859;"USD"
"ODFL";"Old Dominion Freight Line Inc.";"67958010";"2656423";0,000468152040053197;"Industrials";728120;"USD"
"J";"Jacobs Engineering Group Inc.";"46981410";"2469052";0,000466461888277567;"Industrials";1551173;"USD"
"FMC";"FMC Corporation";"30249130";"2328603";0,000464641724826889;"Materials";1501602;"USD"
"HST";"Host Hotels & Resorts Inc.";"44107P10";"2567503";0,00046372164220347;"Real Estate";8348436;"USD"
"NDAQ";"Nasdaq Inc.";"63110310";"2965107";0,000458991217411323;"Financials";1326500;"USD"
"HRL";"Hormel Foods Corporation";"44045210";"2437264";0,000458891208430517;"Consumer Staples";3108033;"USD"
"EXPD";"Expeditors International of Washington Inc.";"30213010";"2325507";0,000457561088985791;"Industrials";1959306;"USD"
"NCLH";"Norwegian Cruise Line Holdings Ltd.";"G6672110";"B9CGTC3";0,000451290525889225;"Consumer Discretionary";2469972;"USD"
"ANET";"Arista Networks Inc.";"04041310";"BN33VM5";0,000439989511058093;"Information Technology";623114;"USD"
"SJM";"J.M. Smucker Company";"83269640";"2951452";0,00043994950746577;"Consumer Staples";1297013;"USD"
"ALLE";"Allegion PLC";"G0176J10";"BFRT3W7";0,000438819405982657;"Industrials";1069215;"USD"
"RJF";"Raymond James Financial Inc.";"75473010";"2718992";0,000435899143743108;"Financials";1413940;"USD"
"URI";"United Rentals Inc.";"91136310";"2134781";0,000434238994661721;"Industrials";882111;"USD"
"UHS";"Universal Health Services Inc. Class B";"91390310";"2923785";0,000428768503411606;"Health Care";928976;"USD"
"LNC";"Lincoln National Corporation";"53418710";"2516378";0,000426328284279928;"Financials";2290019;"USD"
"WU";"Western Union Company";"95980210";"B1F76F9";0,000423968072332895;"Information Technology";4848721;"USD"
"APA";"Apache Corporation";"03741110";"2043962";0,000418837611617523;"Energy";4279468;"USD"
"HII";"Huntington Ingalls Industries Inc.";"44641310";"B40SSC9";0,000414527224544764;"Industrials";474180;"USD"
"JKHY";"Jack Henry & Associates Inc.";"42628110";"2469193";0,000413767156290635;"Information Technology";872152;"USD"
"RE";"Everest Re Group Ltd.";"G3223R10";"2556868";0,000410106827593118;"Financials";460338;"USD"
"MYL";"Mylan N.V.";"N5946510";"BVFMFG8";0,00040612647015702;"Health Care";5878810;"USD"
"ARNC";"Arconic Inc.";"03965L10";"BD3D9G5";0,000405316397412488;"Industrials";4432910;"USD"
"PKI";"PerkinElmer Inc.";"71404610";"2305844";0,000403856266292713;"Health Care";1263483;"USD"
"TSCO";"Tractor Supply Company";"89235610";"2900335";0,000401826083982342;"Consumer Discretionary";1364737;"USD"
"PHM";"PulteGroup Inc.";"74586710";"2708841";0,000399435869341067;"Consumer Discretionary";2938193;"USD"
"AVY";"Avery Dennison Corporation";"05361110";"2066408";0,000397695713075034;"Materials";963217;"USD"
"CHRW";"C.H. Robinson Worldwide Inc.";"12541W20";"2116228";0,000397375684336453;"Industrials";1560707;"USD"
"AAL";"American Airlines Group Inc.";"02376R10";"BCV7KT2";0,000391215131118774;"Industrials";4516640;"USD"
"NI";"NiSource Inc";"65473P10";"2645409";0,0003906850835205;"Utilities";4240462;"USD"
"NBL";"Noble Energy Inc.";"65504410";"2640761";0,000389414969464258;"Energy";5507919;"USD"
"VNO";"Vornado Realty Trust";"92904210";"2933632";0,000388594895821645;"Real Estate";1812629;"USD"
"WRK";"WestRock Company";"96145D10";"BYR0914";0,000387204770988435;"Materials";2931603;"USD"
"PNW";"Pinnacle West Capital Corporation";"72348410";"2048804";0,000385034576104934;"Utilities";1284344;"USD"
"REG";"Regency Centers Corporation";"75884910";"2726177";0,000384944568022208;"Real Estate";1908787;"USD"
"TAP";"Molson Coors Beverage Company Class B";"60871R20";"B067BM3";0,000383454434208192;"Consumer Staples";2141453;"USD"
"AAP";"Advance Auto Parts Inc.";"00751Y10";"2822019";0,000382904384813756;"Consumer Discretionary";817969;"USD"
"LYV";"Live Nation Entertainment Inc.";"53803410";"B0T7YX2";0,000382434342603966;"Communication Services";1615890;"USD"
"ETFC";"E*TRADE Financial Corporation";"26924640";"2299011";0,000382084311171143;"Financials";2591714;"USD"
"HSIC";"Henry Schein Inc.";"80640710";"2416962";0,000379734100122191;"Health Care";1693146;"USD"
"LKQ";"LKQ Corporation";"50188920";"2971029";0,000379194051625836;"Consumer Discretionary";3526098;"USD"
"DISCK";"Discovery Inc. Class C";"25470F30";"B3D7KG4";0,000378353976187062;"Communication Services";3966031;"USD"
"GL";"Globe Life Inc.";"37959E10";"BK6YKG1";0,000377443894461723;"Financials";1148482;"USD"
"WRB";"W. R. Berkley Corporation";"08442310";"2093644";0,000374263608872077;"Financials";1657047;"USD"
"TXT";"Textron Inc.";"88320310";"2885937";0,000372073412192415;"Industrials";2632544;"USD"
"EMN";"Eastman Chemical Company";"27743210";"2298386";0,000364872765574349;"Materials";1564959;"USD"
"PKG";"Packaging Corporation of America";"69515610";"2504566";0,000363282622779526;"Materials";1077936;"USD"
"MRO";"Marathon Oil Corporation";"56584910";"2910970";0,000363112607512155;"Energy";9199456;"USD"
"CMA";"Comerica Incorporated";"20034010";"2212870";0,000359412275222315;"Financials";1707316;"USD"
"NRG";"NRG Energy Inc.";"62937750";"2212922";0,00035501188006683;"Utilities";2894966;"USD"
"FBHS";"Fortune Brands Home & Security Inc.";"34964C10";"B3MC7D6";0,000354761857614814;"Industrials";1599014;"USD"
"JBHT";"J.B. Hunt Transport Services Inc.";"44565810";"2445416";0,000354421827080072;"Industrials";977279;"USD"
"DVN";"Devon Energy Corporation";"25179M10";"2480677";0,000341870699988859;"Energy";4437587;"USD"
"DISH";"DISH Network Corporation Class A";"25470M10";"2303581";0,000340620587728778;"Communication Services";2923453;"USD"
"CF";"CF Industries Holdings Inc.";"12526910";"B0G4K50";0,000338280377577906;"Materials";2498237;"USD"
"SNA";"Snap-on Incorporated";"83303410";"2818740";0,000337660321896906;"Industrials";635268;"USD"
"DXC";"DXC Technology Co.";"23355L10";"BYXD7B3";0,000335520129707648;"Information Technology";2995447;"USD"
"WHR";"Whirlpool Corporation";"96332010";"2960384";0,000333599957276163;"Consumer Discretionary";717321;"USD"
"IPG";"Interpublic Group of Companies Inc.";"46069010";"2466321";0,000331659783048518;"Communication Services";4413931;"USD"
"FRT";"Federal Realty Investment Trust";"31374720";"2333931";0,000330339664501872;"Real Estate";797930;"USD"
"IRM";"Iron Mountain Inc.";"46284V10";"BVFTF03";0,000329449584572695;"Real Estate";3271811;"USD"
"NOV";"National Oilwell Varco Inc.";"63707110";"2624486";0,000317888546391466;"Energy";4370828;"USD"
"ALB";"Albemarle Corporation";"01265310";"2046853";0,000314948282355756;"Materials";1220695;"USD"
"KIM";"Kimco Realty Corporation";"49446R10";"2491594";0,000306867556706592;"Real Estate";4758680;"USD"
"ZION";"Zions Bancorporation N.A.";"98970110";"2989828";0,000306807551318108;"Financials";2022836;"USD"
"MHK";"Mohawk Industries Inc.";"60819010";"2598699";0,000306767547725786;"Consumer Discretionary";685325;"USD"
"JNPR";"Juniper Networks Inc.";"48203R10";"2431846";0,000302307147181817;"Information Technology";3904651;"USD"
"ABMD";"ABIOMED Inc.";"00365410";"2003698";0,000300326969361849;"Health Care";513663;"USD"
"BWA";"BorgWarner Inc.";"09972410";"2111955";0,000300326969361849;"Consumer Discretionary";2351167;"USD"
"CPB";"Campbell Soup Company";"13442910";"2162845";0,000297286696345332;"Consumer Staples";1930624;"USD"
"PRGO";"Perrigo Co. Plc";"G9782210";"BGH1M56";0,00029370637483246;"Health Care";1557490;"USD"
"ALK";"Alaska Air Group Inc.";"01165910";"2012605";0,000292816294903282;"Industrials";1408151;"USD"
"AIZ";"Assurant Inc.";"04621X10";"2331430";0,000292396257183895;"Financials";702462;"USD"
"TPR";"Tapestry Inc.";"87603010";"BF09HX3";0,000289125963511523;"Consumer Discretionary";3298247;"USD"
"FFIV";"F5 Networks Inc.";"31561610";"2427599";0,000287165787487716;"Information Technology";684734;"USD"
"AIV";"Apartment Investment and Management Company Class A";"03748R75";"BJLNBG3";0,000286065688698845;"Real Estate";1702424;"USD"
"FTI";"TechnipFMC Plc";"G8711010";"BDSFG98";0,000284375536923216;"Energy";4806926;"USD"
"PNR";"Pentair plc";"G7S00T10";"BLS09M3";0,000283325442624748;"Industrials";1923511;"USD"
"NWL";"Newell Brands Inc";"65122910";"2635701";0,000281495278275989;"Consumer Discretionary";4419470;"USD"
"SLG";"SL Green Realty Corp.";"78440X10";"2096847";0,000277174890305149;"Real Estate";942809;"USD"
"NLSN";"Nielsen Holdings Plc";"G6518L10";"BWFY550";0,000269944240992841;"Industrials";4012418;"USD"
"KSS";"Kohl's Corporation";"50025510";"2496113";0,000267544025453486;"Consumer Discretionary";1819855;"USD"
"RHI";"Robert Half International Inc.";"77032310";"2110703";0,000265883876372098;"Industrials";1345720;"USD"
"DVA";"DaVita Inc.";"23918K10";"2898087";0,00026483378207363;"Health Care";1037025;"USD"
"BEN";"Franklin Resources Inc.";"35461310";"2350684";0,000264543756029291;"Financials";3226701;"USD"
"FLIR";"FLIR Systems Inc.";"30244510";"2344717";0,000264143720106066;"Information Technology";1534630;"USD"
"PVH";"PVH Corp.";"69365610";"B3V9F12";0,000263543666221227;"Consumer Discretionary";847527;"USD"
"PBCT";"People's United Financial Inc.";"71270410";"B1W41J2";0,000259283283638871;"Financials";5092282;"USD"
"IVZ";"Invesco Ltd.";"G491BT10";"B28XP76";0,000258403204607774;"Financials";4403308;"USD"
"HFC";"HollyFrontier Corporation";"43610610";"B5VX1H6";0,000255232919916208;"Energy";1731286;"USD"
"MOS";"Mosaic Company";"61945C10";"B3NPHP6";0,000253292745688563;"Materials";3988708;"USD"
"XRX";"Xerox Holdings Corporation";"98421M10";"BJJD5G3";0,000250582502308707;"Information Technology";2176123;"USD"
"LEG";"Leggett & Platt Incorporated";"52466010";"2510682";0,000241451682361076;"Consumer Discretionary";1480523;"USD"
"COG";"Cabot Oil & Gas Corporation";"12709710";"2162340";0,000235991192009042;"Energy";4824125;"USD"
"AOS";"A. O. Smith Corporation";"83186520";"2816023";0,000233290949527268;"Industrials";1582430;"USD"
"FLS";"Flowserve Corporation";"34354P10";"2288406";0,000225970292132233;"Industrials";1465340;"USD"
"FOX";"Fox Corporation Class B";"35137L20";"BJJMGY5";0,000222790006542588;"Communication Services";1830001;"USD"
"RL";"Ralph Lauren Corporation Class A";"75121210";"B4V9661";0,00022158989877291;"Consumer Discretionary";596012;"USD"
"UNM";"Unum Group";"91529Y10";"2433842";0,000216919479369247;"Financials";2386513;"USD"
"SEE";"Sealed Air Corporation";"81211K10";"2232793";0,000216839472184602;"Materials";1785298;"USD"
"PWR";"Quanta Services Inc.";"74762E10";"2150204";0,00021541934465715;"Industrials";1653581;"USD"
"HOG";"Harley-Davidson Inc.";"41282210";"2411053";0,000202218159190695;"Consumer Discretionary";1813545;"USD"
"CPRI";"Capri Holdings Limited";"G1890L10";"BJ1N1M9";0,000200798031663243;"Consumer Discretionary";1739022;"USD"
"NWSA";"News Corporation Class A";"65249B10";"BBGVT40";0,000196787671532904;"Communication Services";4292443;"USD"
"M";"Macy's Inc";"55616P10";"2345022";0,000191537200040564;"Consumer Discretionary";3522686;"USD"
"HBI";"Hanesbrands Inc.";"41034510";"B1BJSL9";0,000188306909960514;"Consumer Discretionary";4144818;"USD"
"IPGP";"IPG Photonics Corporation";"44980X10";"2698782";0,000187436831827498;"Information Technology";404695;"USD"
"ROL";"Rollins Inc.";"77571110";"2747305";0,000184306550728255;"Industrials";1611212;"USD"
"DISCA";"Discovery Inc. Class A";"25470F10";"B3D7K31";0,000182816416914239;"Communication Services";1800258;"USD"
"XEC";"Cimarex Energy Co.";"17179810";"2987521";0,00017757594631998;"Energy";1154631;"USD"
"HRB";"H&R Block Inc.";"09367110";"2105505";0,000175985803525157;"Consumer Discretionary";2288038;"USD"
"HP";"Helmerich & Payne Inc.";"42345210";"2420101";0,000171485399388865;"Energy";1259088;"USD"
"ADS";"Alliance Data Systems Corporation";"01858110";"2762030";0,000166074913527235;"Information Technology";469292;"USD"
"LB";"L Brands Inc.";"50179710";"B9M2WX3";0,000162834622549105;"Consumer Discretionary";2570687;"USD"
"JWN";"Nordstrom Inc.";"65566410";"2641827";0,000152153663398973;"Consumer Discretionary";1203439;"USD"
"GPS";"Gap Inc.";"36476010";"2360326";0,000140192589294519;"Consumer Discretionary";2462174;"USD"
"UAA";"Under Armour Inc. Class A";"90431110";"B0PZN11";0,000135472165400453;"Consumer Discretionary";2082306;"USD"
"UA";"Under Armour Inc. Class C";"90431120";"BDF9YM2";0,000128621550215209;"Consumer Discretionary";2215726;"USD"
"COTY";"Coty Inc. Class A";"22207020";"BBBSMJ2";0,000117280531791755;"Consumer Staples";3434799;"USD"
"NWS";"News Corporation Class B";"65249B20";"BBGVT51";6,61259381092422e-05;"Communication Services";1410174;"USD"
